,model_name,epoch,loss,acc,val_loss,val_acc,f1,recall
0,BERTBILSTMCRF,1,0.7152320693915999,0.8976185481654296,0.3775870036307602,0.9879793794681586,,
0,BERTBILSTMCRF,2,0.24887601779380314,0.9878356832853505,0.18344365024700782,0.9879793794681586,,
0,BERTBILSTMCRF,3,0.14388120900577223,0.987835682277948,0.12696672383952576,0.9879793794681586,0.19879066871680706,0.19759587435536802
