,model_name,epoch,loss,acc,val_loss,val_acc,f1,recall
0,BERTBILSTMCRF,1,0.11734336306091765,0.9767277003436441,0.08734660881732587,0.9879793687376459,,
0,BERTBILSTMCRF,2,0.08759042769670486,0.9878356811026452,0.08471909934542182,0.9879793687376459,,
0,BERTBILSTMCRF,3,0.08562383234081133,0.9878356817742469,0.08422449120070193,0.9879793687376459,0.19879066871680706,0.19759587435536802
